{
  "mood": {
    "stress": 1.0,
    "confidence": 5.551115123125783e-17
  },
  "stats": {
    "recent_deaths": 1,
    "last_comment_time": 1769503052.4132054,
    "last_comment_topic": ""
  }
}